1,Jessika,MacMeeking,jmacmeeking0@t.co,458 Cottonwood Trail
2,Salim,Baggalley,sbaggalley1@hugedomains.com,850 Gulseth Terrace
3,Annie,Capener,acapener2@prlog.org,27768 Surrey Hill
4,Edgardo,Ceaplen,eceaplen3@de.vu,72856 Twin Pines Point
5,Chryste,Vereker,cvereker4@amazon.com,7115 Kennedy Park
6,Broddie,Cavie,bcavie5@skype.com,494 Claremont Crossing
7,Dew,Stopford,dstopford6@oracle.com,20864 Waxwing Court
8,Pablo,Lowndsbrough,plowndsbrough7@livejournal.com,94655 Springview Street
9,Tracie,Padberry,tpadberry8@earthlink.net,2562 Fisk Alley
10,Merrily,Oddy,moddy9@miibeian.gov.cn,16 Knutson Hill
11,Ettie,Bowkett,ebowketta@google.ca,203 Southridge Point
12,Bev,Kubacek,bkubacekb@google.co.uk,21513 Northland Hill
13,Anabel,Munnings,amunningsc@nyu.edu,0 Moland Circle
14,Corri,Merryweather,cmerryweatherd@google.de,946 Vera Street
15,Jasmine,Abernethy,jabernethye@opensource.org,35 Northland Terrace
16,Kendall,Adriano,kadrianof@usa.gov,17 Cascade Terrace
17,Arlyn,Ferrai,aferraig@google.it,8480 Bayside Crossing
18,Griffith,Lowerson,glowersonh@list-manage.com,1036 Golf View Alley
19,Llewellyn,Matitiaho,lmatitiahoi@ft.com,8862 David Parkway
20,Avery,Newbery,anewberyj@ucoz.com,38 4th Parkway
21,Georgi,Gherardini,ggherardinik@free.fr,4441 Golf Course Avenue
22,Melvyn,Beddows,mbeddowsl@berkeley.edu,355 Carberry Drive
23,Breanne,Flea,bfleam@rambler.ru,28 Sauthoff Junction
24,Fianna,Double,fdoublen@flickr.com,5 Eliot Parkway
25,Fair,Dowry,fdowryo@booking.com,17 Rowland Way
26,Rudyard,Targett,rtargettp@netvibes.com,9098 Morningstar Court
27,Holli,Larman,hlarmanq@disqus.com,735 Grim Parkway
28,Siusan,Woolvett,swoolvettr@theglobeandmail.com,3 Banding Crossing
29,Elliot,Tombs,etombss@shop-pro.jp,72 Bluestem Park
30,Fabiano,Hauck,fhauckt@theglobeandmail.com,93 Schurz Place
31,Amandie,Goodby,agoodbyu@cnn.com,034 Portage Way
32,Jojo,Hegges,jheggesv@sun.com,78453 Muir Street
33,Arny,Mealham,amealhamw@tumblr.com,3385 Daystar Place
34,Penn,Duval,pduvalx@hhs.gov,928 Mosinee Plaza
35,Natividad,Burne,nburney@blogspot.com,0 Lindbergh Lane
36,Ozzie,Brandts,obrandtsz@vistaprint.com,618 Carpenter Hill
37,Burk,Hurst,bhurst10@cam.ac.uk,7999 Sunbrook Circle
38,Erma,Balwin,ebalwin11@nymag.com,270 Linden Way
39,Justine,Tinline,jtinline12@amazon.com,8622 Coleman Court
40,Murielle,Fevers,mfevers13@discovery.com,67543 Scoville Hill
41,Theodosia,Wilson,twilson14@sbwire.com,13 Jenna Junction
42,Cecilio,Womersley,cwomersley15@yellowbook.com,6870 Warrior Parkway
43,Urbanus,Diehn,udiehn16@wiley.com,2 East Pass
44,Julianne,Sparshett,jsparshett17@addthis.com,28 Division Plaza
45,Yetta,Bathowe,ybathowe18@npr.org,16194 Nancy Lane
46,Chiquia,Craydon,ccraydon19@marriott.com,160 Oak Trail
47,Tarrance,Butland,tbutland1a@ameblo.jp,627 Sunfield Place
48,Devinne,Trapp,dtrapp1b@cmu.edu,0220 Fieldstone Pass
49,Dorry,Laddle,dladdle1c@biglobe.ne.jp,60528 Loomis Terrace
50,Yolande,Andres,yandres1d@theguardian.com,93927 Crownhardt Lane
51,Felicio,Band,fband1e@geocities.jp,7595 Maywood Avenue
52,Suzy,Bristowe,sbristowe1f@storify.com,3 Londonderry Parkway
53,Tull,Woolveridge,twoolveridge1g@cbsnews.com,66 Barnett Terrace
54,Giralda,Duffer,gduffer1h@bloomberg.com,5 Sullivan Way
55,Virgina,Moxley,vmoxley1i@microsoft.com,8050 Luster Terrace
56,Daniel,Vsanelli,dvsanelli1j@godaddy.com,30 Wayridge Crossing
57,Aleksandr,Joel,ajoel1k@w3.org,35 Canary Park
58,Nanny,Malafe,nmalafe1l@moonfruit.com,5637 Holmberg Road
59,Mychal,Janousek,mjanousek1m@google.cn,1345 Prairieview Road
60,Crystal,Beaman,cbeaman1n@arizona.edu,84 Katie Parkway
61,Jethro,Donald,jdonald1o@answers.com,2 Eagle Crest Drive
62,Ritchie,Lockley,rlockley1p@ask.com,04 Susan Street
63,Joann,Reason,jreason1q@hatena.ne.jp,5544 Prairieview Crossing
64,Lydon,Di Pietro,ldipietro1r@phpbb.com,75 Thompson Hill
65,Kip,Jess,kjess1s@admin.ch,37697 Glendale Lane
66,Arden,Lissenden,alissenden1t@booking.com,6 Sunfield Road
67,Lew,Woodier,lwoodier1u@comsenz.com,97851 Green Ridge Trail
68,Charyl,Stannard,cstannard1v@intel.com,851 Steensland Way
69,Pammi,Waszczykowski,pwaszczykowski1w@twitpic.com,848 Moland Avenue
70,Lina,Etherson,letherson1x@home.pl,560 Pine View Street
71,Bogey,Vassano,bvassano1y@oracle.com,54 Anthes Way
72,Adair,Alexandre,aalexandre1z@sfgate.com,419 Prairie Rose Hill
73,Ayn,Woods,awoods20@slideshare.net,40 3rd Center
74,Reina,Littrell,rlittrell21@biblegateway.com,603 Emmet Pass
75,Karrie,Castells,kcastells22@vk.com,18713 Carpenter Pass
76,Dion,Vagg,dvagg23@paginegialle.it,998 Messerschmidt Park
77,Marcella,Buston,mbuston24@cafepress.com,6028 Carberry Place
78,Cullie,Tilt,ctilt25@pcworld.com,43330 Cardinal Terrace
79,Cirillo,O'Donovan,codonovan26@chron.com,6592 Buell Center
80,Gusty,Eggerton,geggerton27@lycos.com,12005 Briar Crest Lane
81,Mella,Balharrie,mbalharrie28@mlb.com,24 Warner Terrace
82,Budd,Damant,bdamant29@youtu.be,7 Pine View Crossing
83,Cheston,Culter,cculter2a@gravatar.com,3070 Londonderry Crossing
84,Prisca,Wyborn,pwyborn2b@prlog.org,99 Tony Hill
85,Aron,Stonham,astonham2c@google.com.au,8348 5th Point
86,Cathleen,Glowacz,cglowacz2d@bbc.co.uk,1682 Dixon Drive
87,Rosaleen,Hubbert,rhubbert2e@alibaba.com,7708 Bay Crossing
88,Sheila-kathryn,Bome,sbome2f@toplist.cz,6 Talmadge Drive
89,Ford,Keveren,fkeveren2g@sina.com.cn,05 Mitchell Junction
90,Karalee,Gallyon,kgallyon2h@bbb.org,415 Ruskin Park
91,Rivy,Kingerby,rkingerby2i@cam.ac.uk,5685 Bunker Hill Parkway
92,Eziechiele,Broadley,ebroadley2j@smh.com.au,16 Michigan Alley
93,Monty,Preston,mpreston2k@lycos.com,9653 Graedel Terrace
94,Alexandra,Whannel,awhannel2l@nbcnews.com,5224 Cordelia Court
95,Glennis,Pilling,gpilling2m@census.gov,52 Browning Center
96,Tirrell,Kilfeder,tkilfeder2n@bbc.co.uk,2337 Spenser Park
97,Astra,Brailey,abrailey2o@indiatimes.com,13 Veith Road
98,Ethan,Lean,elean2p@taobao.com,6 Carioca Center
99,Grantley,Seres,gseres2q@google.nl,33 Westerfield Hill
100,Christina,Henrie,chenrie2r@opensource.org,0455 Hayes Trail
101,Blinni,Huws,bhuws2s@hhs.gov,9335 Weeping Birch Center
102,Fredericka,Pauluzzi,fpauluzzi2t@hud.gov,6189 Schurz Pass
103,Ham,Marczyk,hmarczyk2u@msn.com,09571 Eliot Way
104,Teresina,Gammack,tgammack2v@domainmarket.com,662 Montana Terrace
105,Caroljean,Dilnot,cdilnot2w@seattletimes.com,19212 Myrtle Junction
106,Hal,Gellier,hgellier2x@prweb.com,65518 Warner Pass
107,Rinaldo,Perrot,rperrot2y@dailymail.co.uk,94019 Meadow Ridge Avenue
108,Eldon,Andresen,eandresen2z@people.com.cn,25 Swallow Drive
109,Brynna,Jaques,bjaques30@xrea.com,26255 Nevada Center
110,Anallese,Wager,awager31@bbb.org,640 Pepper Wood Parkway
111,Barny,Bravery,bbravery32@skyrock.com,49 Vermont Lane
112,Malvina,Quilleash,mquilleash33@issuu.com,30518 Dexter Hill
113,Blanche,Barlthrop,bbarlthrop34@nba.com,7543 Anderson Trail
114,Hiram,Parcall,hparcall35@prnewswire.com,577 Nelson Junction
115,Melody,Pieche,mpieche36@mtv.com,089 Menomonie Court
116,Wilbur,Street,wstreet37@photobucket.com,5 Springs Pass
117,Jermayne,Rumming,jrumming38@umich.edu,47 Sommers Terrace
118,Serena,Fardell,sfardell39@tamu.edu,80 Rigney Pass
119,Ronald,Llewellen,rllewellen3a@delicious.com,659 Pawling Plaza
120,Tiffy,Ianitti,tianitti3b@auda.org.au,6539 Graceland Road
121,Genvieve,Skures,gskures3c@paginegialle.it,2 Merrick Drive
122,Tricia,Duckworth,tduckworth3d@ifeng.com,64 Buhler Plaza
123,Bayard,Blagburn,bblagburn3e@tinypic.com,3302 Mosinee Terrace
124,Bo,Glover,bglover3f@reddit.com,41 Pepper Wood Hill
125,Bria,Stife,bstife3g@unblog.fr,08 Knutson Court
126,Shelbi,Geare,sgeare3h@rambler.ru,22919 Hanover Center
127,Clyde,Feild,cfeild3i@google.com.hk,6174 Bonner Street
128,Joelle,Sirey,jsirey3j@networksolutions.com,2 Dennis Avenue
129,Poppy,Jasiak,pjasiak3k@goodreads.com,50338 Pine View Point
130,Jonis,Stearndale,jstearndale3l@g.co,9708 Sugar Point
131,Betti,Jacke,bjacke3m@cargocollective.com,4 Sage Park
132,Hewet,Stoggles,hstoggles3n@163.com,74 Artisan Park
133,Ambrosio,Lalonde,alalonde3o@vkontakte.ru,389 Acker Road
134,Jacob,Hazeldene,jhazeldene3p@wikia.com,1412 Cascade Lane
135,Clevie,Perdue,cperdue3q@xrea.com,1208 Del Mar Road
136,Jamil,Drennan,jdrennan3r@dailymail.co.uk,9597 West Way
137,Dehlia,Playle,dplayle3s@multiply.com,71 Dapin Lane
138,Reagan,Buntine,rbuntine3t@skyrock.com,042 Rutledge Trail
139,Hamlin,Klawi,hklawi3u@vinaora.com,4 Aberg Parkway
140,Aprilette,Tallent,atallent3v@ftc.gov,53 Tony Pass
141,Julina,Armin,jarmin3w@quantcast.com,88 Marquette Avenue
142,Elnar,Reily,ereily3x@furl.net,664 Milwaukee Place
143,Grata,Tomet,gtomet3y@washingtonpost.com,2313 Springview Street
144,Celinda,Wentworth,cwentworth3z@google.com.au,0 Monica Center
145,Bailey,Roby,broby40@discovery.com,010 Mayfield Way
146,Annadiane,Shildrick,ashildrick41@sbwire.com,1414 Goodland Alley
147,Paulina,Andriuzzi,pandriuzzi42@alibaba.com,181 Luster Pass
148,Bailey,Moye,bmoye43@amazon.de,6 Center Hill
149,Heidie,Blowfield,hblowfield44@spotify.com,703 Memorial Hill
150,Gerda,Waterstone,gwaterstone45@comsenz.com,83 Fulton Road
151,Humfrid,Zanussii,hzanussii46@theatlantic.com,6485 Knutson Way
152,Quillan,Idle,qidle47@pbs.org,13270 Shasta Junction
153,Robers,Truelock,rtruelock48@telegraph.co.uk,10 Crowley Drive
154,Barny,Gooddie,bgooddie49@usnews.com,7060 Delladonna Court
155,Lindon,Kauscher,lkauscher4a@nydailynews.com,70 Lotheville Drive
156,Sascha,Ketley,sketley4b@ted.com,2927 Monica Point
157,Davina,Scothron,dscothron4c@ca.gov,5198 Judy Street
158,Tam,Kondratenko,tkondratenko4d@infoseek.co.jp,32668 Sunbrook Road
159,Ginevra,Iczokvitz,giczokvitz4e@goo.ne.jp,428 Longview Plaza
160,Eustacia,Leese,eleese4f@ted.com,511 Northview Park
161,Marcie,Sooley,msooley4g@sitemeter.com,86 Portage Point
162,Kurt,Peffer,kpeffer4h@hostgator.com,911 Morrow Lane
163,Simone,Stocks,sstocks4i@feedburner.com,8987 Surrey Avenue
164,Pavla,Caneo,pcaneo4j@ucsd.edu,588 Fordem Road
165,Rosalind,Hek,rhek4k@about.com,64 Redwing Pass
166,Bryce,Field,bfield4l@omniture.com,049 Roth Junction
167,Keir,Tennison,ktennison4m@blinklist.com,26365 Maryland Junction
168,Bradly,Newlove,bnewlove4n@wordpress.com,177 Briar Crest Road
169,Milena,Dumigan,mdumigan4o@amazon.com,0455 Michigan Lane
170,Geoffrey,Leckenby,gleckenby4p@amazon.co.jp,32973 Judy Drive
171,Noelyn,Maunder,nmaunder4q@msn.com,637 Superior Court
172,Ralph,Snowding,rsnowding4r@ifeng.com,3 Hanson Center
173,Odelinda,Jaegar,ojaegar4s@hc360.com,421 Merchant Lane
174,Virge,Simmgen,vsimmgen4t@apache.org,3 Stone Corner Plaza
175,Ronna,Dearle,rdearle4u@usatoday.com,9 Oriole Avenue
176,Torey,Brabender,tbrabender4v@homestead.com,9670 Dunning Parkway
177,Hayyim,Kik,hkik4w@list-manage.com,09661 Namekagon Center
178,Othello,Eykel,oeykel4x@amazon.co.jp,04414 Debs Center
179,Nestor,Baxstare,nbaxstare4y@sun.com,135 Fieldstone Lane
180,Ardith,La Rosa,alarosa4z@plala.or.jp,00686 Melvin Street
181,Sarena,Salatino,ssalatino50@unicef.org,160 Colorado Plaza
182,Livvy,McFater,lmcfater51@pbs.org,9 Esker Crossing
183,Reggis,Yeoman,ryeoman52@123-reg.co.uk,73 Rusk Trail
184,Jeddy,Calbrathe,jcalbrathe53@tiny.cc,4949 Stone Corner Plaza
185,Joana,Brotheridge,jbrotheridge54@bloglovin.com,1698 Magdeline Trail
186,Ravi,Norquay,rnorquay55@live.com,188 East Crossing
187,Worthy,Wilmut,wwilmut56@baidu.com,8 Vahlen Hill
188,Ansel,Blondel,ablondel57@state.tx.us,062 Fieldstone Terrace
189,Morna,Shardlow,mshardlow58@hao123.com,53106 Stang Drive
190,Cecilia,Boulger,cboulger59@ftc.gov,230 Eggendart Park
191,Griffin,Wainscoat,gwainscoat5a@nbcnews.com,0637 Vera Crossing
192,Salvador,Lennard,slennard5b@chron.com,1 Glendale Alley
193,Garrek,Rosenzwig,grosenzwig5c@tinyurl.com,05313 Sutherland Pass
194,Gabrielle,Follin,gfollin5d@angelfire.com,9 Kropf Center
195,Seana,Bowmer,sbowmer5e@angelfire.com,9 Holy Cross Center
196,Harrietta,Deane,hdeane5f@yandex.ru,3045 Bellgrove Place
197,Yorker,Othick,yothick5g@meetup.com,1344 Schlimgen Drive
198,Missie,Hegley,mhegley5h@army.mil,57 Messerschmidt Junction
199,Brooke,O'Mahoney,bomahoney5i@shop-pro.jp,005 Crest Line Avenue
200,Colby,Labusch,clabusch5j@alexa.com,866 Westridge Drive
201,Olga,La Wille,olawille5k@china.com.cn,75 Butterfield Pass
202,Malachi,Hanny,mhanny5l@vimeo.com,5 Morning Terrace
203,Ryley,Blowers,rblowers5m@google.co.uk,7 Main Parkway
204,Arlyne,Hazeltine,ahazeltine5n@meetup.com,51173 Oriole Lane
205,Leicester,Ridding,lridding5o@usnews.com,8 Crowley Junction
206,Emmy,Proud,eproud5p@nba.com,3658 Chinook Alley
207,Karina,Marusic,kmarusic5q@g.co,63 Village Green Plaza
208,Hailee,Goodisson,hgoodisson5r@washington.edu,4940 Welch Park
209,Ashlin,Lethabridge,alethabridge5s@vistaprint.com,666 Charing Cross Park
210,Laney,Billington,lbillington5t@deliciousdays.com,649 Mendota Way
211,Shawnee,Caslett,scaslett5u@simplemachines.org,2200 Stang Point
212,Lyndel,Goscomb,lgoscomb5v@reddit.com,741 Dennis Point
213,Jolie,Woolager,jwoolager5w@amazon.co.uk,965 Dunning Parkway
214,Pedro,McClintock,pmcclintock5x@godaddy.com,51997 Wayridge Pass
215,Burr,Lehon,blehon5y@tuttocitta.it,96 Ridge Oak Pass
216,Blakelee,Blaiklock,bblaiklock5z@discovery.com,0275 Burning Wood Center
217,Chucho,Leethem,cleethem60@marketwatch.com,1 Jenna Parkway
218,Electra,Cohan,ecohan61@lulu.com,82 Myrtle Terrace
219,Hillie,Mockett,hmockett62@google.pl,540 Twin Pines Point
220,Hewet,Elstone,helstone63@yahoo.co.jp,5162 Bashford Parkway
221,Leontyne,Endean,lendean64@ihg.com,4636 Eastlawn Road
222,Flossi,Albrighton,falbrighton65@oaic.gov.au,1919 Vermont Trail
223,Denny,Reaman,dreaman66@ebay.com,3268 Spaight Center
224,Abelard,Belli,abelli67@artisteer.com,8 Graedel Way
225,Raynor,Loweth,rloweth68@sourceforge.net,4 Oakridge Circle
226,Des,Gwyer,dgwyer69@fastcompany.com,9 Meadow Vale Parkway
227,Sonni,Marritt,smarritt6a@wired.com,20 Rutledge Park
228,Malina,Anstice,manstice6b@sciencedaily.com,95095 Bluestem Point
229,Wallache,Lander,wlander6c@homestead.com,79177 Merrick Lane
230,Tabbatha,Callway,tcallway6d@wikimedia.org,97763 Donald Center
231,Elmer,McGarel,emcgarel6e@tinypic.com,2 Ludington Street
232,Orin,Wilcott,owilcott6f@yellowpages.com,00 Riverside Hill
233,Merle,Linny,mlinny6g@wikispaces.com,56751 Monterey Hill
234,Harley,Morforth,hmorforth6h@reddit.com,2 Trailsway Place
235,Zabrina,Annion,zannion6i@businessinsider.com,819 Lighthouse Bay Alley
236,Nealy,Trynor,ntrynor6j@adobe.com,52 Hooker Place
237,Aubrey,Horrigan,ahorrigan6k@myspace.com,7950 Golf View Avenue
238,Cherise,Field,cfield6l@reddit.com,3 Cherokee Plaza
239,Pippo,Exton,pexton6m@dagondesign.com,79 Eagan Pass
240,Trumann,Harkin,tharkin6n@acquirethisname.com,40 Pearson Pass
241,Christophorus,Casero,ccasero6o@bbc.co.uk,0 Pepper Wood Center
242,Merrick,Senner,msenner6p@admin.ch,957 Texas Park
243,Halli,Scorthorne,hscorthorne6q@bbc.co.uk,24 Golf View Alley
244,Padriac,Connick,pconnick6r@smugmug.com,6 West Crossing
245,Bridget,Garnar,bgarnar6s@hexun.com,87 Lakewood Gardens Alley
246,Lester,Piell,lpiell6t@uiuc.edu,3067 Heffernan Parkway
247,Caresa,Suff,csuff6u@phoca.cz,916 Kensington Alley
248,Nadiya,Gerhold,ngerhold6v@creativecommons.org,75 Forest Run Court
249,Rebecka,Samwyse,rsamwyse6w@slideshare.net,018 Prairie Rose Plaza
250,Mario,Haldane,mhaldane6x@oracle.com,50 Reinke Hill
251,Artemus,Stitwell,astitwell6y@examiner.com,24 Hoepker Center
252,Maurita,Meagher,mmeagher6z@blogs.com,39 Derek Drive
253,Mateo,Hartzogs,mhartzogs70@yahoo.co.jp,17848 Oriole Crossing
254,Kendall,Eloi,keloi71@alexa.com,825 Chinook Circle
255,Pedro,Pengilly,ppengilly72@unblog.fr,3995 Gateway Place
256,Esra,Wythill,ewythill73@bandcamp.com,753 Kenwood Road
257,Cherlyn,Andreou,candreou74@wp.com,0 Westport Lane
258,Tiphani,Haselden,thaselden75@eventbrite.com,4 Lerdahl Terrace
259,Rourke,Jatczak,rjatczak76@nasa.gov,82 Weeping Birch Place
260,Thomasine,Kelway,tkelway77@qq.com,540 3rd Crossing
261,Galvan,Cullivan,gcullivan78@de.vu,90 Stoughton Pass
262,Putnam,Adlem,padlem79@si.edu,9177 Lillian Terrace
263,Lois,Morl,lmorl7a@squarespace.com,63000 Calypso Junction
264,Lisetta,Stickler,lstickler7b@indiegogo.com,0 New Castle Parkway
265,Kare,Cramond,kcramond7c@github.com,46 Warrior Lane
266,Lexy,Hunnawill,lhunnawill7d@artisteer.com,7542 Lakeland Hill
267,Ram,Trowbridge,rtrowbridge7e@berkeley.edu,1938 Cascade Pass
268,Cully,Mullinder,cmullinder7f@bloomberg.com,53513 Lawn Pass
269,Else,Hessel,ehessel7g@omniture.com,9 Northland Lane
270,Alessandra,Rubinlicht,arubinlicht7h@seesaa.net,712 Lake View Road
271,William,Rallings,wrallings7i@disqus.com,2 Novick Point
272,Sosanna,Hayesman,shayesman7j@booking.com,9 Stoughton Court
273,Gibby,Pail,gpail7k@addtoany.com,025 Lawn Circle
274,Elnore,Grigg,egrigg7l@shareasale.com,2 Rockefeller Road
275,Joscelin,Huggill,jhuggill7m@nasa.gov,13805 Oak Valley Center
276,Loretta,Mayston,lmayston7n@multiply.com,138 Gateway Lane
277,Blondy,Hammond,bhammond7o@creativecommons.org,5035 Old Shore Place
278,Tally,Pallis,tpallis7p@ning.com,9 Blackbird Alley
279,Colette,Pedrick,cpedrick7q@yahoo.com,413 Warbler Park
280,Charlene,Radage,cradage7r@bandcamp.com,3044 Doe Crossing Circle
281,Tiffi,Kubu,tkubu7s@kickstarter.com,5893 Fairfield Center
282,Prue,Threader,pthreader7t@tuttocitta.it,96267 Waubesa Lane
283,Gabey,Middup,gmiddup7u@shareasale.com,56 Arizona Road
284,Suzann,De Mattei,sdemattei7v@dion.ne.jp,413 Meadow Vale Place
285,Perla,Oakeby,poakeby7w@i2i.jp,50242 Granby Center
286,Rozamond,Cosins,rcosins7x@elegantthemes.com,053 Morningstar Park
287,Deirdre,Bonallack,dbonallack7y@wired.com,3 Portage Trail
288,Cynthia,Ayree,cayree7z@nbcnews.com,35279 West Pass
289,Alis,Shulver,ashulver80@indiegogo.com,592 Golden Leaf Drive
290,Abelard,Corke,acorke81@prweb.com,3351 Ruskin Way
291,Abdel,Aylmer,aaylmer82@apple.com,34 Melrose Place
292,Donall,Brandes,dbrandes83@dell.com,4701 Commercial Crossing
293,Millisent,Jollie,mjollie84@geocities.com,6764 Evergreen Park
294,Gwenny,Gatrill,ggatrill85@nyu.edu,791 Sage Junction
295,Alexandre,Sprulls,asprulls86@fc2.com,1899 Maryland Park
296,Carlye,Farlam,cfarlam87@histats.com,538 Burrows Alley
297,Muffin,Helin,mhelin88@nba.com,23166 John Wall Center
298,Edie,Melan,emelan89@columbia.edu,85558 Manley Place
299,Maynord,Drever,mdrever8a@foxnews.com,5 Victoria Street
300,Glynn,Eathorne,geathorne8b@elpais.com,898 Mosinee Lane
301,Melony,Havill,mhavill8c@unblog.fr,82 Waubesa Junction
302,Rosetta,Bilovsky,rbilovsky8d@wisc.edu,19276 Reinke Trail
303,Marquita,Yockley,myockley8e@alexa.com,1 Lyons Avenue
304,Erskine,Benge,ebenge8f@berkeley.edu,02 Hansons Center
305,Gabriele,Malamore,gmalamore8g@printfriendly.com,2622 Lighthouse Bay Road
306,Tallie,Milbourn,tmilbourn8h@bloglovin.com,7171 Talmadge Park
307,Roland,Mellers,rmellers8i@linkedin.com,41 Claremont Alley
308,Edmon,Dufoure,edufoure8j@reddit.com,75 Farragut Street
309,Heddi,Dumpleton,hdumpleton8k@dropbox.com,023 Porter Parkway
310,Cloris,Welband,cwelband8l@example.com,4 Dennis Court
311,Gayelord,Vargas,gvargas8m@sciencedirect.com,6460 Tennyson Court
312,Tiebout,Dibner,tdibner8n@yale.edu,802 Towne Park
313,Archambault,Dmtrovic,admtrovic8o@delicious.com,2 East Terrace
314,Ellary,Mohamed,emohamed8p@people.com.cn,64 Larry Center
315,Aldin,Chiene,achiene8q@icq.com,58167 Upham Lane
316,Stanley,Dalliwatr,sdalliwatr8r@cafepress.com,95581 International Drive
317,Portia,Cancellario,pcancellario8s@pbs.org,71 Morrow Parkway
318,Arabella,Merriman,amerriman8t@adobe.com,12 Sunbrook Center
319,Lanie,Hasted,lhasted8u@army.mil,5 Russell Drive
320,Freddy,Shoobridge,fshoobridge8v@blog.com,55104 Sauthoff Pass
321,Amber,Bunce,abunce8w@dedecms.com,68 Sauthoff Center
322,Durward,Gibbon,dgibbon8x@va.gov,21812 Jackson Street
323,Walker,Dutt,wdutt8y@cyberchimps.com,5900 Old Shore Plaza
324,Felizio,Renneke,frenneke8z@themeforest.net,2 Commercial Plaza
325,Maura,Giacobazzi,mgiacobazzi90@baidu.com,4222 Aberg Pass
326,Lisha,Clapperton,lclapperton91@google.cn,14 Esch Place
327,Horatio,Larwood,hlarwood92@bigcartel.com,317 Warrior Street
328,Jana,Millard,jmillard93@prweb.com,3 Rutledge Trail
329,Way,Hastwell,whastwell94@usatoday.com,60895 Elmside Street
330,Monty,Spratt,mspratt95@bigcartel.com,36 Onsgard Circle
331,Pooh,Ashlee,pashlee96@quantcast.com,5 Alpine Center
332,Huntlee,Flint,hflint97@1688.com,75666 Vera Lane
333,Sammy,Cescot,scescot98@parallels.com,9126 Charing Cross Hill
334,Barbara,Brackpool,bbrackpool99@slate.com,66 Bluestem Parkway
335,Nikolai,McKenney,nmckenney9a@jigsy.com,371 Almo Point
336,Kristos,Oliver-Paull,koliverpaull9b@cdbaby.com,0115 6th Junction
337,Jocelin,Rosenau,jrosenau9c@dmoz.org,8385 Northwestern Terrace
338,Rodi,Riches,rriches9d@livejournal.com,328 Anhalt Place
339,Lamar,Otson,lotson9e@japanpost.jp,7 Dottie Road
340,Lorri,Henrot,lhenrot9f@purevolume.com,4850 Dunning Park
341,Leigh,Wildin,lwildin9g@histats.com,3805 Jackson Circle
342,Karla,Edensor,kedensor9h@behance.net,53 Esch Court
343,Lynelle,Simoncini,lsimoncini9i@themeforest.net,9990 Waxwing Drive
344,Powell,Hudel,phudel9j@360.cn,13 Oneill Drive
345,Lucilia,Edelheit,ledelheit9k@vkontakte.ru,6063 Nancy Way
346,Bernita,Knowlman,bknowlman9l@google.com.br,9 Alpine Parkway
347,Sharon,Wingeatt,swingeatt9m@mysql.com,553 Lyons Center
348,Floris,Bromhead,fbromhead9n@t-online.de,38944 Anzinger Junction
349,Jenni,Bancroft,jbancroft9o@nifty.com,94 Canary Way
350,Chrissie,Heggs,cheggs9p@cbslocal.com,4296 Porter Park
351,Alexia,Uttridge,auttridge9q@reverbnation.com,8 Sunfield Alley
352,Elene,Yarranton,eyarranton9r@sogou.com,747 Anderson Circle
353,Niles,Calkin,ncalkin9s@nps.gov,9 Menomonie Crossing
354,Benedikt,Hawkyens,bhawkyens9t@netlog.com,121 Farragut Pass
355,Stearn,Fowlie,sfowlie9u@cbsnews.com,9541 Loomis Junction
356,Merrel,Coggeshall,mcoggeshall9v@hatena.ne.jp,706 Loeprich Trail
357,Channa,Lawful,clawful9w@nifty.com,96257 Mcbride Street
358,Janey,Mocker,jmocker9x@umn.edu,9125 Acker Center
359,Fidelity,Akett,fakett9y@ebay.co.uk,1 Waxwing Street
360,Prue,Suggitt,psuggitt9z@dailymail.co.uk,76 Walton Pass
361,Myrah,Rubinsohn,mrubinsohna0@rediff.com,03787 Graceland Trail
362,Sheff,Eyree,seyreea1@sakura.ne.jp,6 Fieldstone Hill
363,Chastity,Mackiewicz,cmackiewicza2@xing.com,1012 Hoard Street
364,Thaxter,Erbe,terbea3@hud.gov,131 Mosinee Drive
365,Vincenz,Forsard,vforsarda4@amazon.com,972 Hanover Pass
366,Kattie,Harlin,kharlina5@sakura.ne.jp,0563 Northland Parkway
367,Jorgan,Nitti,jnittia6@youtu.be,33 Northfield Plaza
368,Crosby,Caldera,ccalderaa7@sakura.ne.jp,7657 Waxwing Court
369,Lauraine,Johnsson,ljohnssona8@blogtalkradio.com,3 Melby Parkway
370,Louisette,Blazevic,lblazevica9@g.co,9620 Jackson Alley
371,Edmund,Battershall,ebattershallaa@digg.com,9888 Orin Lane
372,Owen,Peplay,opeplayab@globo.com,67 Shoshone Lane
373,Marinna,Abrahamian,mabrahamianac@ifeng.com,26 Sycamore Crossing
374,Harland,Vondrach,hvondrachad@mozilla.org,62 Hudson Lane
375,Tamas,Maris,tmarisae@naver.com,842 Larry Circle
376,Bartie,Hutcheon,bhutcheonaf@flavors.me,848 School Drive
377,Dalila,Apthorpe,dapthorpeag@freewebs.com,23 Loftsgordon Circle
378,Kelby,Hardin,khardinah@apache.org,1 Loeprich Court
379,Hirsch,Matschuk,hmatschukai@elegantthemes.com,6798 Russell Terrace
380,Abigail,Jamme,ajammeaj@latimes.com,2625 Dovetail Hill
381,Hayward,Poser,hposerak@va.gov,375 Westerfield Circle
382,Holly-anne,Jerdan,hjerdanal@4shared.com,48625 Grasskamp Park
383,Dredi,Krier,dkrieram@dyndns.org,655 Boyd Way
384,Meyer,Pecht,mpechtan@angelfire.com,214 Dawn Avenue
385,Freeman,Wayman,fwaymanao@edublogs.org,58 Arizona Avenue
386,Dorthea,Meredith,dmeredithap@quantcast.com,24 Iowa Center
387,Etan,Battie,ebattieaq@dailymail.co.uk,716 Dawn Road
388,Morna,Ayscough,mayscoughar@chicagotribune.com,19 Crescent Oaks Drive
389,Rudolph,Frays,rfraysas@mapy.cz,9937 Helena Plaza
390,Griff,Skerme,gskermeat@cornell.edu,8076 Farmco Crossing
391,Fabien,Frisel,ffriselau@naver.com,4011 Darwin Park
392,Lenette,Filshin,lfilshinav@smh.com.au,7293 Nova Way
393,Belva,Belfelt,bbelfeltaw@1und1.de,4 Merchant Way
394,Sydel,Tatters,stattersax@foxnews.com,5276 Eastlawn Street
395,Antonius,Detoc,adetocay@a8.net,56243 Menomonie Junction
396,Leontyne,Simpkin,lsimpkinaz@alexa.com,731 Roth Parkway
397,Humbert,MacCrackan,hmaccrackanb0@google.ru,533 Claremont Pass
398,Isaak,Gopsall,igopsallb1@ycombinator.com,510 Truax Circle
399,Annmaria,Ficken,afickenb2@globo.com,801 Stoughton Pass
400,Miguelita,Jori,mjorib3@nba.com,0 Birchwood Drive
401,Farley,Cadge,fcadgeb4@hao123.com,3 Sycamore Center
402,Haze,Robardley,hrobardleyb5@angelfire.com,26 Lotheville Terrace
403,Jessica,O'Grady,jogradyb6@studiopress.com,9119 Anniversary Hill
404,Stephanus,Swalough,sswaloughb7@comsenz.com,5 Boyd Street
405,Felic,Pavolini,fpavolinib8@seattletimes.com,9 Del Sol Hill
406,Mirelle,Behnecke,mbehneckeb9@hostgator.com,7471 International Court
407,Nerti,Wellum,nwellumba@blogs.com,30605 Montana Hill
408,Lee,Sharples,lsharplesbb@omniture.com,103 Derek Trail
409,Lorry,Giblin,lgiblinbc@wunderground.com,478 Russell Terrace
410,Burl,McEntee,bmcenteebd@addtoany.com,4 Clove Alley
411,Tucker,Sperski,tsperskibe@seesaa.net,028 Cordelia Place
412,Margarette,Vobes,mvobesbf@blinklist.com,852 Village Green Junction
413,Trey,Pembry,tpembrybg@umn.edu,21105 Glacier Hill Road
414,Waneta,Rylatt,wrylattbh@usnews.com,49 Green Ridge Junction
415,Evelyn,Camplen,ecamplenbi@nsw.gov.au,684 Buell Drive
416,Ev,Emloch,eemlochbj@cam.ac.uk,93309 Northview Circle
417,Emma,Marris,emarrisbk@privacy.gov.au,36086 Ronald Regan Drive
418,Wallace,Gostling,wgostlingbl@booking.com,2 Nevada Park
419,De witt,Pringer,dpringerbm@deliciousdays.com,1683 Loeprich Avenue
420,Cozmo,Sacker,csackerbn@rakuten.co.jp,893 Dahle Road
421,Nana,Ruggles,nrugglesbo@jalbum.net,79799 Southridge Road
422,Cori,Puckinghorne,cpuckinghornebp@ucsd.edu,98 Loftsgordon Alley
423,Keelby,Longthorn,klongthornbq@howstuffworks.com,21 Monument Center
424,Lyn,Brenneke,lbrennekebr@tinyurl.com,07 Sycamore Center
425,Adina,Dudliston,adudlistonbs@blog.com,098 Stuart Hill
426,Danell,O'Sesnane,dosesnanebt@intel.com,0669 Sachs Road
427,Vonny,Curthoys,vcurthoysbu@nytimes.com,924 Waubesa Point
428,Myrtia,Aime,maimebv@tripod.com,72850 Havey Point
429,Lorelle,Berget,lbergetbw@zdnet.com,93 Pine View Road
430,Enrico,Warfield,ewarfieldbx@utexas.edu,13 Prairieview Park
431,Kris,Kunzler,kkunzlerby@prweb.com,1958 Anthes Court
432,Alfy,Yitzhakov,ayitzhakovbz@prnewswire.com,831 Dahle Court
433,Eal,Wolfendell,ewolfendellc0@edublogs.org,149 Heffernan Parkway
434,Thorstein,Haysom,thaysomc1@icio.us,0 Continental Terrace
435,Gilbertine,Cookman,gcookmanc2@sogou.com,2328 Moulton Street
436,Robenia,Penner,rpennerc3@google.cn,61 Canary Lane
437,Holt,Beche,hbechec4@intel.com,2360 Hudson Center
438,Garrett,Stegell,gstegellc5@studiopress.com,151 Johnson Hill
439,Fidela,Capaldo,fcapaldoc6@economist.com,450 Vidon Trail
440,Marmaduke,D'Alessandro,mdalessandroc7@newsvine.com,73 Columbus Lane
441,Byram,Harbron,bharbronc8@sogou.com,9 Pennsylvania Parkway
442,Henrie,Tinn,htinnc9@desdev.cn,5 Arizona Street
443,Arlette,Malshinger,amalshingerca@slashdot.org,7461 Jay Hill
444,Jasmina,Eales,jealescb@netvibes.com,28374 Montana Alley
445,Diane,Wand,dwandcc@forbes.com,9614 Meadow Valley Park
446,Myer,Emmer,memmercd@salon.com,601 Stephen Drive
447,Tersina,Chisnall,tchisnallce@epa.gov,49 Hazelcrest Road
448,Talbot,Kaley,tkaleycf@elegantthemes.com,85608 Meadow Valley Pass
449,Jaynell,Keys,jkeyscg@hhs.gov,47696 Bultman Plaza
450,Morgen,Cowden,mcowdench@smh.com.au,41635 Huxley Terrace
451,Ailis,Heber,aheberci@woothemes.com,43 Algoma Drive
452,Prince,Slimmon,pslimmoncj@illinois.edu,798 Rieder Parkway
453,Nikki,Redding,nreddingck@symantec.com,4 Sycamore Terrace
454,Zarla,Blaylock,zblaylockcl@hhs.gov,1750 Michigan Street
455,Mallorie,Whitmell,mwhitmellcm@europa.eu,7778 Dwight Lane
456,Leonhard,Jansky,ljanskycn@vkontakte.ru,6960 Oak Court
457,Maiga,Gadeaux,mgadeauxco@vk.com,2 Michigan Circle
458,Cully,Tremonte,ctremontecp@geocities.jp,74 Marcy Center
459,Brook,Jewitt,bjewittcq@163.com,3 Arizona Junction
460,Mart,Vanyatin,mvanyatincr@theatlantic.com,6579 Amoth Hill
461,Tommy,Bradnocke,tbradnockecs@ezinearticles.com,9998 Scoville Terrace
462,Elisha,Halfacre,ehalfacrect@census.gov,28 Artisan Pass
463,Karil,Hassent,khassentcu@google.com.br,25189 Monument Drive
464,Melvyn,MacCarrane,mmaccarranecv@google.nl,9213 Merry Lane
465,Noble,Filyushkin,nfilyushkincw@flavors.me,5 Lakewood Gardens Place
466,Kay,Mannix,kmannixcx@va.gov,484 Loeprich Center
467,Griffin,Fannon,gfannoncy@google.co.jp,7 Milwaukee Place
468,Charyl,Crosdill,ccrosdillcz@sun.com,236 Grim Way
469,Josefina,Noice,jnoiced0@youtube.com,96 Anderson Terrace
470,Noel,Landis,nlandisd1@lulu.com,3751 Springs Road
471,Caresa,Tewkesberry,ctewkesberryd2@ebay.co.uk,917 Browning Junction
472,Maxwell,Marrows,mmarrowsd3@state.gov,620 Carpenter Center
473,Urbain,Juschka,ujuschkad4@dyndns.org,790 Menomonie Street
474,Billi,Jachimiak,bjachimiakd5@merriam-webster.com,6 Valley Edge Place
475,Patton,Larwood,plarwoodd6@cdbaby.com,943 Havey Alley
476,Sibilla,Chafney,schafneyd7@networksolutions.com,3690 Stuart Alley
477,Ambrosius,Judge,ajudged8@infoseek.co.jp,1236 Lyons Way
478,Terence,Jest,tjestd9@xinhuanet.com,58 John Wall Pass
479,Dolly,Primett,dprimettda@ocn.ne.jp,06 Florence Court
480,Colas,Zanolli,czanollidb@storify.com,6021 Bobwhite Terrace
481,Julie,Glede,jglededc@nytimes.com,0077 Springview Park
482,De,Nortcliffe,dnortcliffedd@skyrock.com,805 Fairfield Center
483,Ebonee,Heiton,eheitonde@google.ru,90 Boyd Lane
484,Adrienne,Anniwell,aanniwelldf@ft.com,6 Upham Point
485,Elisha,Dayborne,edaybornedg@paginegialle.it,7 Elmside Road
486,Alena,Surmeyer,asurmeyerdh@constantcontact.com,856 Southridge Pass
487,Allene,Snalum,asnalumdi@youku.com,41 Calypso Way
488,Murdoch,Colnet,mcolnetdj@freewebs.com,849 Eastwood Place
489,Maia,Mundwell,mmundwelldk@linkedin.com,7 Briar Crest Junction
490,Ezechiel,Shelton,esheltondl@google.es,5888 Esker Point
491,Micaela,Bedell,mbedelldm@photobucket.com,0590 Paget Alley
492,Daisi,Tuffell,dtuffelldn@bluehost.com,075 Badeau Circle
493,Clerissa,Duer,cduerdo@istockphoto.com,34987 Grover Pass
494,Dyane,Pawlaczyk,dpawlaczykdp@telegraph.co.uk,43834 Holy Cross Parkway
495,Barbey,Stonelake,bstonelakedq@51.la,65 Fieldstone Center
496,Meggy,Hudspeth,mhudspethdr@fda.gov,980 Roxbury Court
497,Arly,Ambrogioli,aambrogiolids@imdb.com,4467 Surrey Parkway
498,Chrissie,Roberts,crobertsdt@mac.com,838 Duke Point
499,Caryl,Janisson,cjanissondu@tripadvisor.com,428 Lakewood Gardens Avenue
500,Cherlyn,Sturdy,csturdydv@about.com,264 Meadow Vale Pass
501,Gipsy,Rosenstiel,grosenstieldw@is.gd,68 Longview Parkway
502,Charline,Genty,cgentydx@dell.com,187 Meadow Vale Center
503,Loree,Friedenbach,lfriedenbachdy@diigo.com,806 Anthes Street
504,Walliw,Tille,wtilledz@time.com,7 Del Mar Crossing
505,Robinett,Johns,rjohnse0@bandcamp.com,61 Mesta Way
506,Layne,Bannell,lbannelle1@youtube.com,7 Saint Paul Crossing
507,Ernesta,Micheu,emicheue2@squarespace.com,50 Maple Place
508,Tomaso,Dunkley,tdunkleye3@technorati.com,95 Dexter Center
509,Philip,Edmonston,pedmonstone4@yelp.com,415 Daystar Park
510,Jenilee,Antognelli,jantognellie5@fotki.com,96038 Independence Alley
511,Sher,Kulver,skulvere6@sitemeter.com,7751 Wayridge Trail
512,Neysa,Losseljong,nlosseljonge7@freewebs.com,8856 Cherokee Court
513,Nealson,Lomaz,nlomaze8@yahoo.com,7 Crescent Oaks Junction
514,Uta,Chanter,uchantere9@google.pl,274 Quincy Parkway
515,Lin,Quarlis,lquarlisea@geocities.jp,7 Bluejay Center
516,Nickey,Agglione,nagglioneeb@123-reg.co.uk,935 Hanover Terrace
517,Corina,Osmant,cosmantec@theglobeandmail.com,70793 Stang Crossing
518,Odella,Saundercock,osaundercocked@google.de,1 Merry Point
519,Gerladina,Jefferies,gjefferiesee@trellian.com,2 Old Gate Lane
520,Sheelagh,MacAdam,smacadamef@cmu.edu,2 Di Loreto Terrace
521,Dodi,Scedall,dscedalleg@theatlantic.com,7 Blackbird Court
522,Barbe,Nizet,bnizeteh@netscape.com,4029 Schiller Place
523,Germana,Faragan,gfaraganei@ameblo.jp,5 Farragut Hill
524,Robin,Dechelette,rdecheletteej@blinklist.com,4648 Esker Junction
525,Gualterio,Kittow,gkittowek@zdnet.com,6193 Spenser Park
526,Archie,Probin,aprobinel@shareasale.com,3 Hagan Road
527,Clyve,Tyreman,ctyremanem@hao123.com,134 Village Green Circle
528,Katha,Mugleston,kmuglestonen@wikispaces.com,88221 Main Lane
529,Rebecka,Helian,rhelianeo@whitehouse.gov,57 International Alley
530,Melicent,Shallcross,mshallcrossep@cnbc.com,31764 Vidon Hill
531,Curr,Baudoux,cbaudouxeq@mysql.com,43575 Sachs Center
532,Krystalle,Gott,kgotter@sitemeter.com,5 Knutson Parkway
533,Elsbeth,Stuckes,estuckeses@theatlantic.com,73730 Iowa Place
534,Wallace,Iacopo,wiacopoet@amazon.co.uk,62 Bashford Trail
535,Elspeth,Coulthard,ecoulthardeu@abc.net.au,4789 Maryland Avenue
536,Toby,Towns,ttownsev@harvard.edu,15007 Fallview Plaza
537,Dian,Clapperton,dclappertonew@shop-pro.jp,6 Buell Plaza
538,Letty,Anthon,lanthonex@nba.com,19 Buena Vista Hill
539,Arie,Voas,avoasey@archive.org,34838 Spaight Place
540,Kyrstin,Chmiel,kchmielez@godaddy.com,40929 Doe Crossing Plaza
541,Magdaia,Clunan,mclunanf0@miibeian.gov.cn,08 Macpherson Avenue
542,Conrade,Fellibrand,cfellibrandf1@chicagotribune.com,251 Kingsford Point
543,Morna,Reimer,mreimerf2@issuu.com,5831 Troy Crossing
544,Bab,Rawlinson,brawlinsonf3@flavors.me,022 Sage Street
545,Flossie,Peakman,fpeakmanf4@japanpost.jp,50 Forest Dale Road
546,Vito,Brogden,vbrogdenf5@4shared.com,01067 Oriole Street
547,Orella,Crilley,ocrilleyf6@moonfruit.com,8 Lillian Circle
548,Galvin,Give,ggivef7@a8.net,0102 Melody Trail
549,Kingston,Walrond,kwalrondf8@google.fr,33875 Hollow Ridge Point
550,Edna,Semarke,esemarkef9@nationalgeographic.com,0077 Huxley Center
551,Lora,Permain,lpermainfa@sciencedirect.com,0940 Anderson Drive
552,Pattin,Attride,pattridefb@umn.edu,81 Fremont Terrace
553,Quinlan,Giannazzi,qgiannazzifc@independent.co.uk,31470 Daystar Court
554,Alethea,Leving,alevingfd@msn.com,30 Spohn Terrace
555,Brita,McMakin,bmcmakinfe@ovh.net,6 Lawn Pass
556,Rasla,Aulton,raultonff@typepad.com,8 Sutteridge Park
557,Lila,Pithcock,lpithcockfg@dyndns.org,86 Dovetail Lane
558,Clementine,Rathke,crathkefh@cafepress.com,73921 Wayridge Plaza
559,Sylvester,Ashness,sashnessfi@techcrunch.com,6 Ronald Regan Lane
560,Pall,Balfre,pbalfrefj@umn.edu,8 Prairieview Avenue
561,Horatio,Danks,hdanksfk@gmpg.org,8013 Burrows Park
562,Curt,Dungate,cdungatefl@tmall.com,8148 Carberry Street
563,Annalee,Carvil,acarvilfm@java.com,273 Moose Hill
564,Moreen,Balcock,mbalcockfn@yolasite.com,1180 Crescent Oaks Circle
565,Lorry,Tallow,ltallowfo@amazon.co.jp,35 Haas Court
566,Elset,Kynoch,ekynochfp@walmart.com,09 Evergreen Street
567,Eustacia,Darnody,edarnodyfq@slashdot.org,5 Bluejay Crossing
568,Parnell,Di Bartolommeo,pdibartolommeofr@weather.com,957 Glacier Hill Park
569,Mason,Humpatch,mhumpatchfs@i2i.jp,6 Straubel Lane
570,Penn,Selman,pselmanft@oracle.com,73573 Duke Parkway
571,Hyacinth,Glencrosche,hglencroschefu@economist.com,229 Scott Place
572,Yardley,Bricket,ybricketfv@4shared.com,1 Saint Paul Street
573,Clarke,Newcomb,cnewcombfw@joomla.org,37933 Karstens Alley
574,Chandra,Leckey,cleckeyfx@xinhuanet.com,0 Porter Point
575,Ariella,Lowden,alowdenfy@wisc.edu,481 Pennsylvania Road
576,Helga,Janicijevic,hjanicijevicfz@themeforest.net,30 Holy Cross Center
577,Corenda,Hulk,chulkg0@naver.com,48824 Anderson Drive
578,Jamima,Bowser,jbowserg1@pcworld.com,813 Meadow Vale Drive
579,Orlando,Grevile,ogrevileg2@ow.ly,435 Starling Center
580,Thorin,Adie,tadieg3@usatoday.com,016 Bonner Pass
581,Darlleen,Snaddon,dsnaddong4@privacy.gov.au,3879 Iowa Junction
582,Irita,Guyot,iguyotg5@businessweek.com,2472 Village Green Junction
583,Gillian,Petrushka,gpetrushkag6@deviantart.com,4312 Wayridge Center
584,Sampson,Escofier,sescofierg7@lulu.com,9 Chive Point
585,Morgana,Martt,mmarttg8@sciencedaily.com,4073 Haas Circle
586,Moselle,Rycroft,mrycroftg9@yelp.com,30 Bellgrove Crossing
587,Alwin,Hawkeswood,ahawkeswoodga@toplist.cz,8963 Browning Court
588,Steward,Ridesdale,sridesdalegb@yahoo.co.jp,089 Ryan Pass
589,Sebastiano,Ozanne,sozannegc@sfgate.com,006 Bartelt Center
590,Alfie,Piechnik,apiechnikgd@gizmodo.com,7299 Artisan Drive
591,Sybille,Attkins,sattkinsge@accuweather.com,15 Fuller Lane
592,Gauthier,Wykes,gwykesgf@springer.com,51 Victoria Terrace
593,Hughie,Clutheram,hclutheramgg@apple.com,77518 Waywood Way
594,Vasily,Daykin,vdaykingh@behance.net,21238 Rowland Way
595,Elizabeth,Forman,eformangi@nydailynews.com,4514 Fordem Pass
596,Roxy,Greedier,rgreediergj@barnesandnoble.com,57429 Packers Point
597,Sile,Bonass,sbonassgk@si.edu,9335 Clemons Terrace
598,Edmon,Gerrard,egerrardgl@barnesandnoble.com,4 Oak Valley Parkway
599,Trace,Jodrellec,tjodrellecgm@pen.io,3001 Arapahoe Point
600,Talia,Di Ruggero,tdiruggerogn@house.gov,14 Sloan Point
601,Noby,Latehouse,nlatehousego@delicious.com,95481 Portage Center
602,Hi,Hayne,hhaynegp@state.gov,38675 Norway Maple Point
603,Vinson,Crabbe,vcrabbegq@ftc.gov,29471 Twin Pines Alley
604,Enrique,Oppie,eoppiegr@topsy.com,8 Manitowish Crossing
605,Goran,Tilford,gtilfordgs@archive.org,5 Declaration Alley
606,Sandy,Wildsmith,swildsmithgt@ifeng.com,213 Superior Circle
607,Clea,Ferrey,cferreygu@altervista.org,4 Kim Pass
608,Flint,Jindacek,fjindacekgv@alibaba.com,03 Knutson Pass
609,Gordy,Manass,gmanassgw@techcrunch.com,17087 Kipling Point
610,Philippa,Kaines,pkainesgx@twitter.com,32176 Pankratz Court
611,Berget,Zavittieri,bzavittierigy@multiply.com,0853 Maryland Terrace
612,Reeta,Elvidge,relvidgegz@google.ca,1 Randy Court
613,Vivyanne,Osgordby,vosgordbyh0@sciencedaily.com,31 Village Center
614,Padraig,Gransden,pgransdenh1@quantcast.com,6 Surrey Plaza
615,Joby,Kryzhov,jkryzhovh2@github.io,398 Evergreen Point
616,Flin,Szwandt,fszwandth3@yellowpages.com,1259 Derek Park
617,Annabela,Hendrikse,ahendrikseh4@addthis.com,259 Prentice Center
618,Dido,Sheircliffe,dsheircliffeh5@artisteer.com,43 Linden Center
619,Liam,Iacopetti,liacopettih6@myspace.com,5 Talmadge Court
620,Debbie,Apps,dappsh7@spiegel.de,887 Steensland Crossing
621,Nicolas,Hein,nheinh8@usatoday.com,30 Ludington Plaza
622,Maximo,Yurinov,myurinovh9@domainmarket.com,76 Prairie Rose Circle
623,Cleo,Gillingham,cgillinghamha@networkadvertising.org,135 Burrows Pass
624,Edita,MacGall,emacgallhb@java.com,63 Menomonie Center
625,Lexis,Illesley,lillesleyhc@eventbrite.com,76933 Crescent Oaks Center
626,Livvyy,Morde,lmordehd@discovery.com,921 Superior Hill
627,Deedee,Winslade,dwinsladehe@sourceforge.net,2182 Meadow Valley Center
628,Bennett,Bamber,bbamberhf@homestead.com,8 Coleman Center
629,Raven,Boundley,rboundleyhg@theatlantic.com,748 Walton Parkway
630,Fowler,Brannon,fbrannonhh@ftc.gov,5 Stephen Parkway
631,Joya,Presley,jpresleyhi@issuu.com,25292 Dahle Terrace
632,Tori,Pitford,tpitfordhj@deliciousdays.com,2349 Hallows Road
633,Emelina,Beer,ebeerhk@desdev.cn,22 Shelley Drive
634,Desdemona,Kapelhoff,dkapelhoffhl@webnode.com,7371 Washington Junction
635,Joachim,Ramel,jramelhm@artisteer.com,775 Charing Cross Circle
636,Gleda,Matkovic,gmatkovichn@businessweek.com,489 Clyde Gallagher Street
637,Jephthah,Deetlefs,jdeetlefsho@stanford.edu,0 American Ash Center
638,Marley,Aronin,maroninhp@chron.com,63515 Eliot Terrace
639,Lurleen,Russo,lrussohq@techcrunch.com,89132 Dakota Terrace
640,Ford,Paten,fpatenhr@list-manage.com,7 Talisman Point
641,Chrysa,Tonna,ctonnahs@disqus.com,7607 Sunnyside Plaza
642,Darwin,Rapson,drapsonht@amazon.co.uk,5 Manley Trail
643,Addy,Heaselgrave,aheaselgravehu@elegantthemes.com,298 Sycamore Trail
644,Karlik,Jarrold,kjarroldhv@simplemachines.org,0 South Pass
645,Aeriell,Sutherington,asutheringtonhw@msn.com,23 Carberry Alley
646,Beitris,Frane,bfranehx@senate.gov,9055 Pond Parkway
647,Abbe,Rubertelli,arubertellihy@posterous.com,5 Lawn Lane
648,Tadio,Pleuman,tpleumanhz@twitpic.com,2881 Namekagon Plaza
649,Glad,Asel,gaseli0@yandex.ru,75 Mallard Circle
650,Gray,Ivell,givelli1@fastcompany.com,92632 Stang Point
651,Meris,Hamsson,mhamssoni2@posterous.com,9 Lien Drive
652,Milli,Mogg,mmoggi3@lycos.com,42 Maple Point
653,Hubey,De Nisco,hdeniscoi4@digg.com,7621 Corben Circle
654,Ericka,Redwall,eredwalli5@merriam-webster.com,89473 Rowland Court
655,Valina,Oswald,voswaldi6@symantec.com,6 Columbus Crossing
656,Persis,Honniebal,phonniebali7@jalbum.net,756 Portage Pass
657,Robbi,Reid,rreidi8@mlb.com,0 Gale Center
658,Dominga,Paddemore,dpaddemorei9@nifty.com,4533 Lawn Park
659,Doti,Salatino,dsalatinoia@who.int,8 Sycamore Street
660,Norris,Purser,npurserib@google.fr,6 Mccormick Crossing
661,Danna,Baus,dbausic@vk.com,181 Bowman Avenue
662,Aluino,Patillo,apatilloid@e-recht24.de,6636 Fuller Drive
663,Darcy,Vere,dvereie@technorati.com,4 Blue Bill Park Circle
664,Thain,Borrowman,tborrowmanif@howstuffworks.com,27 Declaration Parkway
665,Rosalinda,Perfect,rperfectig@utexas.edu,25 Memorial Drive
666,Elna,Moynihan,emoynihanih@wikia.com,48511 Rutledge Court
667,Carena,Pidwell,cpidwellii@webeden.co.uk,20717 Dakota Lane
668,Marsha,Spight,mspightij@naver.com,41 Clyde Gallagher Place
669,Thalia,Tredger,ttredgerik@netlog.com,4 Warrior Terrace
670,Ambrosius,Kencott,akencottil@phoca.cz,50 Corscot Way
671,Katya,Slight,kslightim@arizona.edu,0 Ridgeview Way
672,Etti,Mullarkey,emullarkeyin@marketwatch.com,489 American Ash Junction
673,Earle,Fishleigh,efishleighio@sitemeter.com,626 Bonner Street
674,Tallia,Pitson,tpitsonip@samsung.com,535 Westend Park
675,Dorise,Garbutt,dgarbuttiq@about.me,8 5th Junction
676,Jeana,Vogeler,jvogelerir@ucoz.ru,5747 Hermina Plaza
677,Malina,Applegate,mapplegateis@myspace.com,952 Mendota Court
678,Marlee,Hartrick,mhartrickit@vistaprint.com,95 Waywood Pass
679,Ciro,Antal,cantaliu@elegantthemes.com,1 Reindahl Center
680,Lillis,Tremeer,ltremeeriv@geocities.com,829 Florence Parkway
681,Sylvan,Sellstrom,ssellstromiw@sbwire.com,043 Fieldstone Parkway
682,Enid,Toop,etoopix@abc.net.au,49809 Maple Road
683,Dori,Munden,dmundeniy@ed.gov,39 Kensington Avenue
684,Kore,Jakubovics,kjakubovicsiz@cnn.com,254 Esch Alley
685,Patty,Meldon,pmeldonj0@gravatar.com,3434 Wayridge Point
686,Marten,Garrique,mgarriquej1@cdbaby.com,7729 Bluejay Circle
687,Therine,Kerfut,tkerfutj2@apache.org,23 Garrison Plaza
688,Casper,Strathman,cstrathmanj3@wisc.edu,036 Surrey Court
689,Carroll,Chalke,cchalkej4@jalbum.net,76362 Dwight Circle
690,Rayner,Gueinn,rgueinnj5@photobucket.com,0 Summer Ridge Junction
691,Emelen,Leate,eleatej6@statcounter.com,637 Kenwood Park
692,Donavon,Potes,dpotesj7@usatoday.com,1225 Northport Way
693,Celine,Rozec,crozecj8@icio.us,7776 Porter Lane
694,Herta,Dunderdale,hdunderdalej9@mozilla.com,4 Sage Way
695,Ainslie,Ancliff,aancliffja@free.fr,22203 Holy Cross Plaza
696,Dorise,Barnwell,dbarnwelljb@hubpages.com,0460 Golden Leaf Park
697,Shell,Scarce,sscarcejc@hao123.com,2440 Grayhawk Street
698,Lacey,Boulsher,lboulsherjd@house.gov,83937 Del Mar Center
699,Obadiah,Dawber,odawberje@github.com,4280 Truax Drive
700,Derry,Perigo,dperigojf@mozilla.org,15313 Mandrake Circle
701,Lottie,Inchboard,linchboardjg@bing.com,6094 Blaine Center
702,Faber,Avrahamoff,favrahamoffjh@squarespace.com,707 Mayfield Junction
703,Tomasine,Caen,tcaenji@sitemeter.com,81 Declaration Pass
704,Terri,Potts,tpottsjj@opera.com,3 Novick Drive
705,Clim,Burke,cburkejk@hatena.ne.jp,5406 Graedel Junction
706,Leonelle,Chilver,lchilverjl@disqus.com,608 Cordelia Place
707,Loni,Huggons,lhuggonsjm@sohu.com,896 Fair Oaks Trail
708,Arden,Tunstall,atunstalljn@toplist.cz,9 Hazelcrest Street
709,Elianore,Beacham,ebeachamjo@xinhuanet.com,788 New Castle Way
710,Cosmo,Bediss,cbedissjp@youtube.com,963 Hauk Street
711,Ulrika,Deighan,udeighanjq@nba.com,9479 Lawn Way
712,Emlyn,Ridgway,eridgwayjr@blogger.com,23424 Texas Point
713,Margot,Feehily,mfeehilyjs@qq.com,852 Summerview Park
714,Vikky,Silverlock,vsilverlockjt@feedburner.com,155 Crescent Oaks Alley
715,Kienan,Battleson,kbattlesonju@google.ru,15 Miller Point
716,Ab,Stenet,astenetjv@netscape.com,31 Clemons Pass
717,Korie,O'Kennavain,kokennavainjw@lycos.com,3 Corry Drive
718,Burk,Selborne,bselbornejx@yelp.com,81 Nova Lane
719,Van,Mussared,vmussaredjy@sphinn.com,26282 Monterey Avenue
720,Patrizio,Avon,pavonjz@biblegateway.com,61566 Spaight Drive
721,Paxon,Ludovici,pludovicik0@dell.com,0 Bartillon Plaza
722,Simonne,Quiddihy,squiddihyk1@imgur.com,16415 Ruskin Circle
723,Kenn,Binning,kbinningk2@unicef.org,2 Spaight Point
724,Susana,Guille,sguillek3@edublogs.org,17 Anhalt Lane
725,Catlee,Greydon,cgreydonk4@cyberchimps.com,067 Thierer Crossing
726,Adah,Tabner,atabnerk5@sourceforge.net,3615 Cherokee Place
727,Renae,Bruineman,rbruinemank6@de.vu,2482 Fieldstone Hill
728,Sharyl,Sacks,ssacksk7@miitbeian.gov.cn,6 Maryland Alley
729,Brannon,Annesley,bannesleyk8@lulu.com,422 Mendota Court
730,Alyosha,Letteresse,aletteressek9@marketwatch.com,8279 Carpenter Center
731,Linette,Sigart,lsigartka@baidu.com,5 Duke Circle
732,Crin,Bosanko,cbosankokb@berkeley.edu,07 Rieder Lane
733,Doralin,Waghorn,dwaghornkc@studiopress.com,86 Moose Street
734,Rosalynd,Bloxsome,rbloxsomekd@google.com,790 West Terrace
735,Gayelord,Dugood,gdugoodke@statcounter.com,51290 Bashford Way
736,Amargo,Vosper,avosperkf@t.co,82 Badeau Street
737,Malchy,Jelly,mjellykg@oracle.com,5 Magdeline Street
738,Travers,Kassman,tkassmankh@squidoo.com,7 Butternut Junction
739,Efren,Dies,edieski@nyu.edu,344 Blue Bill Park Hill
740,Britte,Headan,bheadankj@stumbleupon.com,0508 Fairfield Lane
741,Saundra,Diess,sdiesskk@bloomberg.com,7767 John Wall Trail
742,Nickola,Garstang,ngarstangkl@cbslocal.com,2923 Talmadge Point
743,Dun,Karim,dkarimkm@livejournal.com,248 Golden Leaf Court
744,Fabiano,Lineen,flineenkn@dyndns.org,75819 Rusk Crossing
745,Coop,Gooch,cgoochko@yelp.com,07 Bluestem Pass
746,Vanessa,Sneyd,vsneydkp@youtu.be,1667 Jana Center
747,Glynis,Godain,ggodainkq@umich.edu,8 Mcguire Court
748,Corie,Cridge,ccridgekr@pagesperso-orange.fr,54284 Esch Park
749,Rosanna,Ornelas,rornelasks@ted.com,485 Schiller Court
750,Germayne,Whewill,gwhewillkt@hc360.com,16 Eastwood Road
751,Sutherland,Houston,shoustonku@vimeo.com,73207 Glendale Trail
752,Leonore,Oganian,loganiankv@ucoz.ru,3848 Tomscot Junction
753,Kristoffer,Woodcroft,kwoodcroftkw@hao123.com,96617 Miller Drive
754,Iormina,Meron,imeronkx@census.gov,4197 Summerview Trail
755,Anthe,Gazey,agazeyky@edublogs.org,2 Glendale Place
756,Bert,Jewiss,bjewisskz@state.gov,726 Bluejay Avenue
757,Norbie,Chantler,nchantlerl0@slate.com,3659 Buell Alley
758,Marie-ann,Howsam,mhowsaml1@ted.com,32110 Oak Place
759,Augusta,Hanhart,ahanhartl2@123-reg.co.uk,7897 Melrose Park
760,Turner,Thorndycraft,tthorndycraftl3@un.org,27928 Mosinee Pass
761,Skippy,Peschet,speschetl4@youku.com,4807 Dennis Center
762,Denni,McMains,dmcmainsl5@qq.com,7 Fisk Point
763,Alvan,Bagnall,abagnalll6@icio.us,8 Manufacturers Park
764,Augustin,Nixon,anixonl7@nyu.edu,1 Continental Street
765,Tiffany,Allcock,tallcockl8@sciencedaily.com,58011 Schiller Center
766,Ellerey,Drayton,edraytonl9@earthlink.net,35189 1st Junction
767,Kylie,Wildor,kwildorla@dagondesign.com,5 Memorial Alley
768,Dirk,Schulze,dschulzelb@chron.com,06 Troy Parkway
769,Manny,Talman,mtalmanlc@blogtalkradio.com,118 Killdeer Court
770,Wadsworth,Ganiford,wganifordld@theguardian.com,6 Grim Drive
771,Julieta,Jolliff,jjolliffle@vkontakte.ru,7083 Algoma Pass
772,Merill,Hasnip,mhasniplf@latimes.com,3547 Johnson Place
773,Yalonda,Jakolevitch,yjakolevitchlg@illinois.edu,1 Southridge Street
774,Caye,Muddicliffe,cmuddicliffelh@woothemes.com,371 Leroy Street
775,Garrett,Reder,grederli@ocn.ne.jp,24246 Moland Pass
776,Gnni,Boichat,gboichatlj@bloglovin.com,2 Mcbride Hill
777,Giulio,Charrisson,gcharrissonlk@alibaba.com,87 Swallow Junction
778,Marian,Izzatt,mizzattll@addtoany.com,46 Northport Pass
779,Eduard,Weatherley,eweatherleylm@facebook.com,8228 Ramsey Hill
780,Anette,Astle,aastleln@chron.com,6 Declaration Court
781,Johnnie,Redmayne,jredmaynelo@joomla.org,61935 Commercial Alley
782,Arlana,Kelshaw,akelshawlp@google.it,52 Hagan Drive
783,Valaree,Whitton,vwhittonlq@gizmodo.com,529 Garrison Center
784,Morse,Wolfendell,mwolfendelllr@macromedia.com,14806 Scott Hill
785,Ronni,Gabbitis,rgabbitisls@umn.edu,6 Petterle Center
786,Victoria,Royl,vroyllt@seattletimes.com,3233 Towne Pass
787,Cedric,Slisby,cslisbylu@gmpg.org,08949 Fulton Drive
788,Roarke,Degli Antoni,rdegliantonilv@woothemes.com,7229 Miller Hill
789,Laverna,Primarolo,lprimarololw@ebay.co.uk,82067 Sheridan Place
790,Vincenz,Geydon,vgeydonlx@1688.com,1 Moose Way
791,Raye,Velde,rveldely@ucsd.edu,45 Redwing Center
792,Corey,Babar,cbabarlz@ihg.com,785 Roth Plaza
793,Colin,Boc,cbocm0@bbc.co.uk,0828 Declaration Parkway
794,Tonye,Semiraz,tsemirazm1@t.co,42 Hazelcrest Circle
795,Wilbur,Portugal,wportugalm2@oracle.com,663 Thierer Road
796,Caresa,Muge,cmugem3@ft.com,65 Evergreen Way
797,Janis,Bosche,jboschem4@loc.gov,57 Sunbrook Court
798,Udell,Craggs,ucraggsm5@squarespace.com,98192 Blue Bill Park Park
799,Griswold,Gerrets,ggerretsm6@mapquest.com,30 Oxford Alley
800,Tami,Brattan,tbrattanm7@archive.org,81 Cascade Lane
801,Mar,Elfleet,melfleetm8@123-reg.co.uk,1 Columbus Drive
802,Tobe,Gerardeaux,tgerardeauxm9@ihg.com,38 Cody Lane
803,Durand,Bailes,dbailesma@samsung.com,205 Kinsman Place
804,Mallory,Ivens,mivensmb@berkeley.edu,786 Pleasure Alley
805,Jedediah,D'Souza,jdsouzamc@statcounter.com,692 Melvin Terrace
806,Martica,Kitcat,mkitcatmd@arstechnica.com,18 Riverside Way
807,Brewster,Lippini,blippinime@blogspot.com,4 Fremont Lane
808,Robinett,Malam,rmalammf@auda.org.au,2 Stone Corner Drive
809,Felicle,Bardell,fbardellmg@imdb.com,968 Monument Avenue
810,Worth,Swadlen,wswadlenmh@mediafire.com,11 Anzinger Place
811,Cristiano,Gibke,cgibkemi@timesonline.co.uk,816 Park Meadow Crossing
812,Sharlene,Thorndale,sthorndalemj@mit.edu,915 Maple Wood Center
813,Graham,Pantry,gpantrymk@hc360.com,86523 Boyd Hill
814,Rice,Squirrel,rsquirrelml@ow.ly,48 Russell Park
815,Helli,Dudderidge,hdudderidgemm@wp.com,2788 John Wall Drive
816,Tyne,Hessel,thesselmn@google.co.uk,9 Rowland Place
817,Cilka,Cohane,ccohanemo@webeden.co.uk,49 Armistice Center
818,Sally,Shubotham,sshubothammp@cbc.ca,28380 Nova Point
819,Bald,Yegorkov,byegorkovmq@gizmodo.com,51 Eagan Court
820,Mathew,Maughan,mmaughanmr@g.co,14 Caliangt Terrace
821,Kermy,Burnyate,kburnyatems@google.co.jp,2 Clarendon Place
822,Teodor,Eastlake,teastlakemt@hibu.com,77144 Pankratz Parkway
823,Edlin,Bodechon,ebodechonmu@ucla.edu,68306 Pearson Court
824,Trixie,Espino,tespinomv@constantcontact.com,577 Susan Avenue
825,Meier,Hidderley,mhidderleymw@technorati.com,5 Talmadge Point
826,Jamison,Biasioni,jbiasionimx@apple.com,51 Ramsey Avenue
827,Waverley,Melley,wmelleymy@cbslocal.com,529 Delaware Terrace
828,Janna,Grunguer,jgrunguermz@webnode.com,8608 Vera Alley
829,Reeba,Leftley,rleftleyn0@guardian.co.uk,84 Merrick Way
830,Kahaleel,Elce,kelcen1@mediafire.com,00787 Porter Pass
831,Korie,Cambell,kcambelln2@stumbleupon.com,7 Bultman Drive
832,Hallie,Gulvin,hgulvinn3@buzzfeed.com,7057 Sloan Hill
833,Berton,Burress,bburressn4@ow.ly,58 Division Trail
834,Filmore,Rucklesse,frucklessen5@skyrock.com,62678 Acker Lane
835,Livvyy,Vasishchev,lvasishchevn6@adobe.com,4400 Walton Alley
836,Denni,Mouncey,dmounceyn7@cisco.com,082 Toban Plaza
837,Claudette,Montez,cmontezn8@1688.com,3 Oneill Drive
838,Lisha,Ivachyov,livachyovn9@booking.com,2654 Elmside Crossing
839,Izak,Thibodeaux,ithibodeauxna@hostgator.com,365 Starling Lane
840,Jeffie,Mortimer,jmortimernb@ihg.com,6062 Sunfield Point
841,Obediah,Scally,oscallync@gizmodo.com,263 Becker Plaza
842,Ozzy,Yeabsley,oyeabsleynd@weebly.com,9047 Del Sol Lane
843,Lilyan,Bohlje,lbohljene@ucla.edu,975 Anderson Junction
844,Sadie,Goudge,sgoudgenf@who.int,77938 Miller Court
845,Toby,Marham,tmarhamng@example.com,79256 Becker Junction
846,Renell,Brugger,rbruggernh@example.com,0896 Moose Crossing
847,Eveline,Chaucer,echaucerni@wired.com,10479 Farwell Crossing
848,Carey,Younie,cyounienj@businesswire.com,0192 Clarendon Park
849,Bunni,Grimstead,bgrimsteadnk@naver.com,654 Macpherson Lane
850,Mel,Curton,mcurtonnl@github.com,966 Sugar Park
851,Etheline,Houson,ehousonnm@twitter.com,3 Arizona Place
852,Skell,Schwier,sschwiernn@squidoo.com,59 Killdeer Lane
853,Thorpe,Vesty,tvestyno@photobucket.com,185 Delladonna Street
854,Aldous,Pearsall,apearsallnp@purevolume.com,4 Bartillon Lane
855,Veronika,Swyer-Sexey,vswyersexeynq@reddit.com,534 Troy Lane
856,Kristy,Valentine,kvalentinenr@europa.eu,871 Valley Edge Plaza
857,Atlanta,Rozet,arozetns@tiny.cc,07823 Crest Line Avenue
858,Hetti,Crabbe,hcrabbent@g.co,6455 Mallard Junction
859,Rosemary,Crosfield,rcrosfieldnu@vimeo.com,0352 Schmedeman Road
860,Herrick,Boldison,hboldisonnv@cisco.com,1237 Sunnyside Parkway
861,Noak,Barchrameev,nbarchrameevnw@instagram.com,6561 Bay Alley
862,Debora,Schrader,dschradernx@sourceforge.net,30 Haas Circle
863,Jane,Leed,jleedny@google.pl,49884 New Castle Road
864,Muffin,Mateescu,mmateescunz@toplist.cz,111 Badeau Trail
865,Cornell,Thorpe,cthorpeo0@typepad.com,001 Memorial Point
866,Ainslee,Arrighini,aarrighinio1@cpanel.net,0 Bartelt Crossing
867,Allin,Woodrooffe,awoodrooffeo2@yelp.com,829 Anhalt Alley
868,Catherina,Altimas,caltimaso3@bbc.co.uk,78 Ridgeway Court
869,Stanfield,Cammish,scammisho4@scribd.com,133 Northfield Hill
870,Lacee,Galle,lgalleo5@utexas.edu,9436 Delaware Parkway
871,Aube,Klais,aklaiso6@usda.gov,42266 Texas Place
872,Tybi,MacGillespie,tmacgillespieo7@telegraph.co.uk,20 Summit Lane
873,Salli,MacDearmont,smacdearmonto8@adobe.com,7816 Fulton Point
874,Querida,Zorener,qzorenero9@tumblr.com,41 Johnson Parkway
875,Phedra,Jakaway,pjakawayoa@purevolume.com,39214 Banding Way
876,Kerry,Airs,kairsob@discovery.com,42 Prairie Rose Way
877,Henrik,Pace,hpaceoc@homestead.com,315 Mariners Cove Plaza
878,Sigrid,Oherlihy,soherlihyod@cbsnews.com,9 Carpenter Drive
879,Ally,Chasmar,achasmaroe@cmu.edu,19072 Coolidge Avenue
880,Farris,Blade,fbladeof@furl.net,89061 Grover Way
881,Dre,Gullberg,dgullbergog@sun.com,670 Aberg Road
882,Everard,Hartless,ehartlessoh@berkeley.edu,131 Becker Drive
883,Emmi,Fison,efisonoi@squarespace.com,767 Dwight Place
884,Benyamin,Whitlaw,bwhitlawoj@theglobeandmail.com,62628 Pierstorff Avenue
885,Tami,Milier,tmilierok@fc2.com,7325 Moulton Court
886,Eleanora,Leveret,eleveretol@utexas.edu,83398 Bunting Trail
887,Jillana,Wreakes,jwreakesom@amazonaws.com,23 Corben Hill
888,Alverta,Krauze,akrauzeon@disqus.com,7 American Street
889,Dori,Trenaman,dtrenamanoo@hibu.com,3928 Elmside Avenue
890,Tomkin,Murfin,tmurfinop@csmonitor.com,20 Merchant Way
891,Fletcher,Boland,fbolandoq@vimeo.com,170 Sauthoff Way
892,Ann-marie,Bugg,abuggor@tiny.cc,0470 Fuller Avenue
893,Bamby,Ibert,bibertos@elpais.com,05897 Pankratz Hill
894,Shanon,Shelford,sshelfordot@baidu.com,2711 Lukken Alley
895,Penrod,Primmer,pprimmerou@t.co,82917 Prairie Rose Lane
896,Vick,Peotz,vpeotzov@imageshack.us,42369 Buhler Avenue
897,Ondrea,Marflitt,omarflittow@hc360.com,3 Ridgeway Avenue
898,Woodie,Elie,welieox@earthlink.net,0696 Lotheville Plaza
899,Lemar,Wildgoose,lwildgooseoy@loc.gov,4 Center Hill
900,Marlo,Scranney,mscranneyoz@clickbank.net,5 Hoepker Drive
901,Hilda,Doody,hdoodyp0@histats.com,68 Fairview Trail
902,Mercedes,Hallam,mhallamp1@icq.com,9095 East Junction
903,Bary,Mugridge,bmugridgep2@themeforest.net,8267 Utah Court
904,Agatha,Ternault,aternaultp3@tiny.cc,7 Magdeline Park
905,Olag,Goodyer,ogoodyerp4@cbslocal.com,20633 Straubel Alley
906,Tamiko,Grimsditch,tgrimsditchp5@homestead.com,36 Hanson Point
907,Ced,Bysshe,cbysshep6@reddit.com,090 Dryden Parkway
908,Curtis,Marsie,cmarsiep7@cnet.com,56 Ridge Oak Circle
909,Fredia,Sleep,fsleepp8@whitehouse.gov,3 Coleman Center
910,Crissy,Seine,cseinep9@statcounter.com,47 Russell Lane
911,Selina,Arent,sarentpa@livejournal.com,7592 Gina Way
912,Philippe,Bentke,pbentkepb@shinystat.com,8 Maple Wood Circle
913,Verne,Eaglesham,veagleshampc@ning.com,1 Marquette Park
914,Maxi,Marielle,mmariellepd@cbslocal.com,3386 Declaration Crossing
915,Wilmer,Colomb,wcolombpe@google.ru,12 Redwing Crossing
916,Marcia,Yeo,myeopf@paypal.com,99 Morrow Terrace
917,Laurel,Sparhawk,lsparhawkpg@princeton.edu,129 Helena Drive
918,Christie,Dronsfield,cdronsfieldph@delicious.com,48 Ridgeview Terrace
919,Kassandra,Gaddas,kgaddaspi@scribd.com,29 Vera Court
920,Xaviera,Prover,xproverpj@a8.net,09 Vernon Pass
921,Tami,Gonnely,tgonnelypk@studiopress.com,687 Lukken Street
922,Leighton,Brame,lbramepl@typepad.com,01 Lukken Alley
923,Shirlene,Annesley,sannesleypm@webeden.co.uk,10624 Havey Street
924,Norene,Calderhead,ncalderheadpn@phoca.cz,84018 Weeping Birch Parkway
925,Tori,Babe,tbabepo@apple.com,8044 Arapahoe Road
926,Arabele,Wavish,awavishpp@netvibes.com,9 Holy Cross Crossing
927,Dori,Alves,dalvespq@sogou.com,89953 Merrick Way
928,Aldridge,Cochern,acochernpr@chronoengine.com,55 Florence Street
929,Raphael,Wollard,rwollardps@un.org,997 Melody Center
930,Lynnea,Flieg,lfliegpt@wikimedia.org,28488 Sullivan Parkway
931,Pincas,Bayman,pbaymanpu@com.com,9443 American Trail
932,Almeda,McRuvie,amcruviepv@mozilla.org,6 Florence Plaza
933,Vikki,Eymer,veymerpw@prweb.com,9 Sommers Avenue
934,Essa,Bradmore,ebradmorepx@oaic.gov.au,658 Redwing Park
935,Panchito,Ferrillio,pferrilliopy@cisco.com,907 Graedel Court
936,Weylin,Seabright,wseabrightpz@i2i.jp,7995 Florence Trail
937,Xenia,Prestie,xprestieq0@prnewswire.com,91 Milwaukee Lane
938,Korrie,Mattiello,kmattielloq1@t-online.de,81827 Rusk Park
939,Brigit,Boutcher,bboutcherq2@printfriendly.com,2978 Dakota Pass
940,Zacharias,Conradie,zconradieq3@dion.ne.jp,53171 Southridge Point
941,Jane,Antognetti,jantognettiq4@furl.net,4233 Kingsford Center
942,Bunny,Renard,brenardq5@samsung.com,0749 Bultman Terrace
943,Walsh,Staziker,wstazikerq6@parallels.com,2958 Sunbrook Drive
944,Donalt,Tybalt,dtybaltq7@youku.com,5956 Hudson Park
945,Ilene,Bredee,ibredeeq8@skyrock.com,549 Norway Maple Junction
946,Alethea,Caddies,acaddiesq9@miibeian.gov.cn,77982 Milwaukee Park
947,Haven,Antoniat,hantoniatqa@fc2.com,61 Vahlen Street
948,Allene,Mereweather,amereweatherqb@whitehouse.gov,90787 Delaware Crossing
949,Alecia,Haill,ahaillqc@soup.io,702 American Ash Circle
950,Berte,Burford,bburfordqd@uiuc.edu,87580 Garrison Pass
951,Urbano,Antonioni,uantonioniqe@sciencedirect.com,21157 Lake View Court
952,Colman,Throughton,cthroughtonqf@hubpages.com,1801 Clyde Gallagher Lane
953,Wilona,Yele,wyeleqg@whitehouse.gov,84 Florence Pass
954,Hillie,Dury,hduryqh@apple.com,4704 Fieldstone Street
955,Sarena,Balleine,sballeineqi@aboutads.info,1 Bayside Plaza
956,Brew,Tretwell,btretwellqj@w3.org,8 Hallows Point
957,Devora,Gladdis,dgladdisqk@shinystat.com,2071 Huxley Street
958,Jemima,William,jwilliamql@exblog.jp,11 Daystar Road
959,Thibaut,Busst,tbusstqm@nationalgeographic.com,154 Westridge Alley
960,Ermanno,Reilly,ereillyqn@bloglines.com,550 Talisman Place
961,Keelia,Hoofe,khoofeqo@huffingtonpost.com,00 Sunnyside Street
962,Mollee,Bromfield,mbromfieldqp@psu.edu,4 Hooker Circle
963,Barry,Craik,bcraikqq@reddit.com,30843 Spohn Court
964,Ambur,Lettson,alettsonqr@webmd.com,407 Union Alley
965,Morris,Gregolin,mgregolinqs@sakura.ne.jp,7 Jenifer Street
966,Jojo,Cootes,jcootesqt@apple.com,36 Pawling Trail
967,Nydia,Iannitti,niannittiqu@chicagotribune.com,1 Northwestern Park
968,Dag,Songhurst,dsonghurstqv@sogou.com,93321 Jay Drive
969,Anissa,Wheeliker,awheelikerqw@cloudflare.com,7 Manitowish Drive
970,Barry,Ahren,bahrenqx@woothemes.com,70 Moland Point
971,Silvia,Boulding,sbouldingqy@feedburner.com,59549 Mifflin Center
972,Stephanus,Maddicks,smaddicksqz@w3.org,9029 Eagle Crest Court
973,Hart,Crone,hcroner0@lulu.com,7 Dryden Place
974,Vanny,Figura,vfigurar1@zdnet.com,5970 Holmberg Terrace
975,Duncan,Losebie,dlosebier2@bandcamp.com,176 Lien Terrace
976,Lesya,Buzzing,lbuzzingr3@elpais.com,1 Kingsford Street
977,Innis,Hek,ihekr4@eventbrite.com,61 Moose Avenue
978,Garnet,Mounce,gmouncer5@skyrock.com,8080 Nobel Point
979,Christopher,Gosenell,cgosenellr6@nih.gov,36007 Lotheville Road
980,Ulric,Cracknall,ucracknallr7@canalblog.com,12660 Corscot Alley
981,Naomi,Swindon,nswindonr8@telegraph.co.uk,2 Rockefeller Terrace
982,Tam,Vagg,tvaggr9@hatena.ne.jp,46519 Mockingbird Way
983,Ike,Epinoy,iepinoyra@cnn.com,415 Morning Center
984,Raf,Lower,rlowerrb@state.tx.us,6 Duke Street
985,Dorolice,Kopfer,dkopferrc@cdc.gov,81 Kensington Court
986,Amity,Holsall,aholsallrd@tinyurl.com,416 Westerfield Junction
987,Bren,Tuddenham,btuddenhamre@hexun.com,7294 Linden Crossing
988,Sabine,Dulake,sdulakerf@utexas.edu,90568 Esker Place
989,Dorothea,Grinnov,dgrinnovrg@sogou.com,2804 Bluejay Park
990,Dalt,Winton,dwintonrh@istockphoto.com,1054 Green Center
991,Conney,Noulton,cnoultonri@usnews.com,8331 Reinke Parkway
992,Xylina,Tranmer,xtranmerrj@scribd.com,2 Bowman Court
993,Tybi,Jeanon,tjeanonrk@si.edu,9 West Parkway
994,Rad,Hamson,rhamsonrl@apache.org,96804 Carey Hill
995,Alwin,Kingdom,akingdomrm@imdb.com,25219 Montana Place
996,Karita,Wathall,kwathallrn@prweb.com,0473 Arrowood Junction
997,Jilli,Raubenheim,jraubenheimro@istockphoto.com,92 Westend Drive
998,Stormi,Hellen,shellenrp@ted.com,02966 Washington Crossing
999,Nariko,Offener,noffenerrq@plala.or.jp,927 Spaight Place
1000,Theodoric,Hibbart,thibbartrr@cbslocal.com,196 Westend Avenue
